<?xml version="1.0" encoding="UTF-8"?>
<project-private xmlns="http://www.netbeans.org/ns/project-private/1">
    <editor-bookmarks xmlns="http://www.netbeans.org/ns/editor-bookmarks/2" lastBookmarkId="0"/>
    <open-files xmlns="http://www.netbeans.org/ns/projectui-open-files/2">
        <group>
            <file>file:/C:/Users/Disca%20Anca/OneDrive/Documents/NetBeansProjects/latihanawal/src/fungsi1.java</file>
            <file>file:/C:/Users/Disca%20Anca/OneDrive/Documents/NetBeansProjects/latihanawal/src/konsepperulangan.java</file>
            <file>file:/C:/Users/Disca%20Anca/OneDrive/Documents/NetBeansProjects/latihanawal/src/bilbul.java</file>
            <file>file:/C:/Users/Disca%20Anca/OneDrive/Documents/NetBeansProjects/latihanawal/src/JOtionPane.java</file>
            <file>file:/C:/Users/Disca%20Anca/OneDrive/Documents/NetBeansProjects/latihanawal/src/cobaarray.java</file>
            <file>file:/C:/Users/Disca%20Anca/OneDrive/Documents/NetBeansProjects/latihanawal/src/latihanawal/Latihanawal.java</file>
            <file>file:/C:/Users/Disca%20Anca/OneDrive/Documents/NetBeansProjects/latihanawal/src/ujicobamenghirungbarang.java</file>
            <file>file:/C:/Users/Disca%20Anca/OneDrive/Documents/NetBeansProjects/latihanawal/src/latihanhitung.java</file>
            <file>file:/C:/Users/Disca%20Anca/OneDrive/Documents/NetBeansProjects/latihanawal/src/latihanscanner.java</file>
            <file>file:/C:/Users/Disca%20Anca/OneDrive/Documents/NetBeansProjects/latihanawal/src/cobabintang.java</file>
            <file>file:/C:/Users/Disca%20Anca/OneDrive/Documents/NetBeansProjects/latihanawal/src/namadialog.java</file>
            <file>file:/C:/Users/Disca%20Anca/OneDrive/Documents/NetBeansProjects/latihanawal/src/tugasfor1.java</file>
            <file>file:/C:/Users/Disca%20Anca/OneDrive/Documents/NetBeansProjects/latihanawal/src/cobaarray1.java</file>
            <file>file:/C:/Users/Disca%20Anca/OneDrive/Documents/NetBeansProjects/latihanawal/src/JoptionPane.java</file>
            <file>file:/C:/Users/Disca%20Anca/OneDrive/Documents/NetBeansProjects/latihanawal/src/UKL.java</file>
            <file>file:/C:/Users/Disca%20Anca/OneDrive/Documents/NetBeansProjects/latihanawal/src/sppdandsp.java</file>
            <file>file:/C:/Users/Disca%20Anca/OneDrive/Documents/NetBeansProjects/latihanawal/src/hitungbmi.java</file>
            <file>file:/C:/Users/Disca%20Anca/OneDrive/Documents/NetBeansProjects/latihanawal/src/operator.java</file>
            <file>file:/C:/Users/Disca%20Anca/OneDrive/Documents/NetBeansProjects/latihanawal/src/sppdandsp2.java</file>
            <file>file:/C:/Users/Disca%20Anca/OneDrive/Documents/NetBeansProjects/latihanawal/src/latihanawal1.java</file>
            <file>file:/C:/Users/Disca%20Anca/OneDrive/Documents/NetBeansProjects/latihanawal/src/soal.java</file>
            <file>file:/C:/Users/Disca%20Anca/OneDrive/Documents/NetBeansProjects/latihanawal/src/matrix.java</file>
            <file>file:/C:/Users/Disca%20Anca/OneDrive/Documents/NetBeansProjects/latihanawal/src/pratikumtipedata2.java</file>
            <file>file:/C:/Users/Disca%20Anca/OneDrive/Documents/NetBeansProjects/latihanawal/src/string.java</file>
            <file>file:/C:/Users/Disca%20Anca/OneDrive/Documents/NetBeansProjects/latihanawal/src/soalarray.java</file>
            <file>file:/C:/Users/Disca%20Anca/OneDrive/Documents/NetBeansProjects/latihanawal/src/Berat.java</file>
            <file>file:/C:/Users/Disca%20Anca/OneDrive/Documents/NetBeansProjects/latihanawal/src/operatorperbandingandialog.java</file>
            <file>file:/C:/Users/Disca%20Anca/OneDrive/Documents/NetBeansProjects/latihanawal/src/latihanfor2.java</file>
            <file>file:/C:/Users/Disca%20Anca/OneDrive/Documents/NetBeansProjects/latihanawal/src/diskusimasalah.java</file>
            <file>file:/C:/Users/Disca%20Anca/OneDrive/Documents/NetBeansProjects/latihanawal/src/uklfor.java</file>
            <file>file:/C:/Users/Disca%20Anca/OneDrive/Documents/NetBeansProjects/latihanawal/src/soalterakhirbuaulia.java</file>
            <file>file:/C:/Users/Disca%20Anca/OneDrive/Documents/NetBeansProjects/latihanawal/src/hotelukl.java</file>
            <file>file:/C:/Users/Disca%20Anca/OneDrive/Documents/NetBeansProjects/latihanawal/src/uklbintang.java</file>
            <file>file:/C:/Users/Disca%20Anca/OneDrive/Documents/NetBeansProjects/latihanawal/src/perulanganbintang.java</file>
            <file>file:/C:/Users/Disca%20Anca/OneDrive/Documents/NetBeansProjects/latihanawal/src/cobafor.java</file>
            <file>file:/C:/Users/Disca%20Anca/OneDrive/Documents/NetBeansProjects/latihanawal/src/menumakanan.java</file>
            <file>file:/C:/Users/Disca%20Anca/OneDrive/Documents/NetBeansProjects/latihanawal/src/luaspersegi.java</file>
            <file>file:/C:/Users/Disca%20Anca/OneDrive/Documents/NetBeansProjects/latihanawal/src/praktikumtipedata.java</file>
            <file>file:/C:/Users/Disca%20Anca/OneDrive/Documents/NetBeansProjects/latihanawal/src/fungsi2.java</file>
            <file>file:/C:/Users/Disca%20Anca/OneDrive/Documents/NetBeansProjects/latihanawal/src/hitungTOL.java</file>
            <file>file:/C:/Users/Disca%20Anca/OneDrive/Documents/NetBeansProjects/latihanawal/src/luaslingkaran.java</file>
            <file>file:/C:/Users/Disca%20Anca/OneDrive/Documents/NetBeansProjects/latihanawal/src/latihanswitchcase.java</file>
        </group>
    </open-files>
</project-private>
