<?xml version="1.0" encoding="UTF-8"?>
<project-private xmlns="http://www.netbeans.org/ns/project-private/1">
    <editor-bookmarks xmlns="http://www.netbeans.org/ns/editor-bookmarks/2" lastBookmarkId="0"/>
    <open-files xmlns="http://www.netbeans.org/ns/projectui-open-files/2">
        <group>
            <file>file:/C:/Users/Disca%20Anca/OneDrive/Documents/NetBeansProjects/modifier/src/privat.java</file>
            <file>file:/C:/Users/Disca%20Anca/OneDrive/Documents/NetBeansProjects/modifier/src/privat1.java</file>
            <file>file:/C:/Users/Disca%20Anca/OneDrive/Documents/NetBeansProjects/modifier/src/ujiprotected.java</file>
            <file>file:/C:/Users/Disca%20Anca/OneDrive/Documents/NetBeansProjects/modifier/src/person1.java</file>
            <file>file:/C:/Users/Disca%20Anca/OneDrive/Documents/NetBeansProjects/modifier/src/person.java</file>
            <file>file:/C:/Users/Disca%20Anca/OneDrive/Documents/NetBeansProjects/modifier/src/Author.java</file>
        </group>
    </open-files>
</project-private>
