<?xml version="1.0" encoding="UTF-8"?>
<project-private xmlns="http://www.netbeans.org/ns/project-private/1">
    <editor-bookmarks xmlns="http://www.netbeans.org/ns/editor-bookmarks/2" lastBookmarkId="0"/>
    <open-files xmlns="http://www.netbeans.org/ns/projectui-open-files/2">
        <group>
            <file>file:/C:/Users/Disca%20Anca/OneDrive/Documents/NetBeansProjects/PT/src/main.java</file>
            <file>file:/C:/Users/Disca%20Anca/OneDrive/Documents/NetBeansProjects/PT/src/Security.java</file>
            <file>file:/C:/Users/Disca%20Anca/OneDrive/Documents/NetBeansProjects/PT/src/EmployeeData.java</file>
            <file>file:/C:/Users/Disca%20Anca/OneDrive/Documents/NetBeansProjects/PT/src/CleaningService.java</file>
            <file>file:/C:/Users/Disca%20Anca/OneDrive/Documents/NetBeansProjects/PT/src/Manager.java</file>
            <file>file:/C:/Users/Disca%20Anca/OneDrive/Documents/NetBeansProjects/PT/src/Employee.java</file>
            <file>file:/C:/Users/Disca%20Anca/OneDrive/Documents/NetBeansProjects/PT/src/boss.java</file>
        </group>
    </open-files>
</project-private>
